event_type;key_code;key_code_readable;scan_code;alt_pressed;time
key_up;13;Return;28;False;1488718456403
key_down;87;W;17;False;1488718721555
key_down;87;W;17;False;1488718722055
key_down;87;W;17;False;1488718722088
key_down;87;W;17;False;1488718722121
key_down;87;W;17;False;1488718722154
key_down;87;W;17;False;1488718722187
key_down;87;W;17;False;1488718722220
key_down;87;W;17;False;1488718722253
key_down;87;W;17;False;1488718722286
key_down;87;W;17;False;1488718722319
key_down;87;W;17;False;1488718722352
key_down;87;W;17;False;1488718722385
key_down;87;W;17;False;1488718722418
key_down;87;W;17;False;1488718722451
key_down;87;W;17;False;1488718722485
key_down;87;W;17;False;1488718722517
key_down;87;W;17;False;1488718722550
key_down;87;W;17;False;1488718722583
key_down;87;W;17;False;1488718722616
key_down;87;W;17;False;1488718722649
key_down;87;W;17;False;1488718722682
key_down;87;W;17;False;1488718722715
key_down;87;W;17;False;1488718722748
key_down;87;W;17;False;1488718722781
key_down;87;W;17;False;1488718722814
key_down;87;W;17;False;1488718722847
key_down;87;W;17;False;1488718722880
key_down;87;W;17;False;1488718722913
key_down;87;W;17;False;1488718722946
key_down;87;W;17;False;1488718722980
key_down;87;W;17;False;1488718723013
key_down;87;W;17;False;1488718723045
key_down;87;W;17;False;1488718723078
key_down;87;W;17;False;1488718723111
key_down;87;W;17;False;1488718723144
key_down;87;W;17;False;1488718723177
key_up;87;W;17;False;1488718723203
key_down;65;A;30;False;1488718735027
key_down;65;A;30;False;1488718735528
key_down;65;A;30;False;1488718735561
key_down;65;A;30;False;1488718735593
key_down;65;A;30;False;1488718735626
key_down;65;A;30;False;1488718735659
key_down;65;A;30;False;1488718735693
key_down;65;A;30;False;1488718735726
key_down;65;A;30;False;1488718735758
key_down;65;A;30;False;1488718735791
key_down;65;A;30;False;1488718735824
key_down;65;A;30;False;1488718735857
key_down;65;A;30;False;1488718735891
key_down;65;A;30;False;1488718735923
key_down;65;A;30;False;1488718735957
key_down;65;A;30;False;1488718735989
key_up;65;A;30;False;1488718736019
key_down;87;W;17;False;1488718736099
key_up;87;W;17;False;1488718736403
key_down;87;W;17;False;1488718745219
key_down;87;W;17;False;1488718745719
key_down;87;W;17;False;1488718745752
key_down;87;W;17;False;1488718745785
key_down;87;W;17;False;1488718745818
key_down;87;W;17;False;1488718745851
key_down;87;W;17;False;1488718745884
key_down;87;W;17;False;1488718745917
key_down;87;W;17;False;1488718745950
key_down;87;W;17;False;1488718745983
key_down;87;W;17;False;1488718746016
key_down;87;W;17;False;1488718746049
key_down;87;W;17;False;1488718746082
key_down;87;W;17;False;1488718746115
key_down;87;W;17;False;1488718746148
key_down;87;W;17;False;1488718746181
key_down;87;W;17;False;1488718746214
key_down;87;W;17;False;1488718746247
key_down;87;W;17;False;1488718746280
key_down;87;W;17;False;1488718746313
key_down;87;W;17;False;1488718746346
key_down;87;W;17;False;1488718746379
key_down;87;W;17;False;1488718746412
key_down;87;W;17;False;1488718746445
key_down;87;W;17;False;1488718746478
key_down;87;W;17;False;1488718746511
key_down;87;W;17;False;1488718746544
key_down;87;W;17;False;1488718746577
key_down;87;W;17;False;1488718746611
key_down;87;W;17;False;1488718746644
key_down;87;W;17;False;1488718746676
key_down;87;W;17;False;1488718746709
key_down;87;W;17;False;1488718746742
key_down;87;W;17;False;1488718746775
key_down;87;W;17;False;1488718746808
key_down;87;W;17;False;1488718746841
key_down;87;W;17;False;1488718746875
key_down;87;W;17;False;1488718746907
key_down;87;W;17;False;1488718746940
key_down;87;W;17;False;1488718746973
key_down;87;W;17;False;1488718747006
key_down;87;W;17;False;1488718747040
key_down;87;W;17;False;1488718747073
key_down;87;W;17;False;1488718747105
key_down;87;W;17;False;1488718747138
key_down;87;W;17;False;1488718747172
key_down;87;W;17;False;1488718747204
key_down;87;W;17;False;1488718747237
key_down;87;W;17;False;1488718747270
key_down;87;W;17;False;1488718747304
key_down;87;W;17;False;1488718747336
key_down;87;W;17;False;1488718747369
key_down;87;W;17;False;1488718747402
key_down;87;W;17;False;1488718747436
key_down;87;W;17;False;1488718747468
key_down;87;W;17;False;1488718747501
key_down;87;W;17;False;1488718747534
key_down;87;W;17;False;1488718747567
key_down;87;W;17;False;1488718747600
key_down;87;W;17;False;1488718747633
key_down;87;W;17;False;1488718747666
key_down;87;W;17;False;1488718747699
key_down;87;W;17;False;1488718747732
key_down;87;W;17;False;1488718747765
key_down;87;W;17;False;1488718747798
key_down;87;W;17;False;1488718747831
key_down;87;W;17;False;1488718747864
key_down;87;W;17;False;1488718747898
key_down;87;W;17;False;1488718747930
key_down;87;W;17;False;1488718747963
key_down;87;W;17;False;1488718747996
key_down;87;W;17;False;1488718748029
key_down;87;W;17;False;1488718748062
key_down;87;W;17;False;1488718748095
key_down;87;W;17;False;1488718748128
key_down;87;W;17;False;1488718748161
key_down;87;W;17;False;1488718748194
key_down;87;W;17;False;1488718748227
key_down;87;W;17;False;1488718748260
key_down;87;W;17;False;1488718748293
key_down;68;D;32;False;1488718748323
key_down;68;D;32;False;1488718748823
key_down;68;D;32;False;1488718748856
key_down;68;D;32;False;1488718748889
key_down;68;D;32;False;1488718748922
key_down;68;D;32;False;1488718748955
key_down;68;D;32;False;1488718748988
key_down;68;D;32;False;1488718749021
key_down;68;D;32;False;1488718749054
key_down;68;D;32;False;1488718749088
key_down;68;D;32;False;1488718749120
key_down;68;D;32;False;1488718749153
key_down;68;D;32;False;1488718749187
key_down;68;D;32;False;1488718749219
key_down;68;D;32;False;1488718749252
key_down;68;D;32;False;1488718749285
key_down;68;D;32;False;1488718749318
key_down;68;D;32;False;1488718749351
key_down;68;D;32;False;1488718749384
key_up;87;W;17;False;1488718749397
key_down;68;D;32;False;1488718749895
key_down;68;D;32;False;1488718749928
key_down;68;D;32;False;1488718749961
key_down;68;D;32;False;1488718749995
key_down;68;D;32;False;1488718750027
key_down;68;D;32;False;1488718750061
key_down;68;D;32;False;1488718750094
key_down;68;D;32;False;1488718750126
key_down;68;D;32;False;1488718750159
key_down;68;D;32;False;1488718750193
key_down;83;S;31;False;1488718750203
key_up;83;S;31;False;1488718750259
key_up;68;D;32;False;1488718751267
key_down;87;W;17;False;1488718817411
key_up;87;W;17;False;1488718817427
key_down;87;W;17;False;1488718817523
key_up;87;W;17;False;1488718817571
key_down;87;W;17;False;1488718817635
key_up;87;W;17;False;1488718817683
key_down;87;W;17;False;1488718817747
key_up;87;W;17;False;1488718817827
key_down;83;S;31;False;1488718850243
key_up;83;S;31;False;1488718850371
key_down;83;S;31;False;1488718850387
key_up;83;S;31;False;1488718850483
key_down;83;S;31;False;1488718850531
key_up;83;S;31;False;1488718850675
key_down;83;S;31;False;1488718866611
key_up;83;S;31;False;1488718866707
key_down;83;S;31;False;1488718866755
key_up;83;S;31;False;1488718866835
key_down;65;A;30;False;1488718869235
key_up;65;A;30;False;1488718869315
key_down;65;A;30;False;1488718869379
key_up;65;A;30;False;1488718869459
key_down;65;A;30;False;1488718869523
key_up;65;A;30;False;1488718869635
key_down;68;D;32;False;1488718871203
key_up;68;D;32;False;1488718871283
key_down;68;D;32;False;1488718871363
key_up;68;D;32;False;1488718871411
key_down;68;D;32;False;1488718871491
key_up;68;D;32;False;1488718871571
key_down;83;S;31;False;1488718872787
key_up;83;S;31;False;1488718872867
key_down;83;S;31;False;1488718872947
key_up;83;S;31;False;1488718873059
key_down;65;A;30;False;1488718904131
key_up;65;A;30;False;1488718904227
key_down;65;A;30;False;1488718904275
key_up;65;A;30;False;1488718904323
key_down;65;A;30;False;1488718904371
key_up;65;A;30;False;1488718904483
key_down;87;W;17;False;1488718907779
key_up;87;W;17;False;1488718907843
key_down;87;W;17;False;1488718907971
key_up;87;W;17;False;1488718908019
key_down;87;W;17;False;1488718908099
key_up;87;W;17;False;1488718908147
key_down;81;Q;16;False;1488718908275
key_up;81;Q;16;False;1488718908355
key_down;81;Q;16;False;1488718908403
key_up;81;Q;16;False;1488718908467
key_down;81;Q;16;False;1488718908531
key_up;81;Q;16;False;1488718908611
key_down;81;Q;16;False;1488718908643
key_up;81;Q;16;False;1488718908691
key_down;81;Q;16;False;1488718908755
key_up;81;Q;16;False;1488718908819
key_down;81;Q;16;False;1488718908851
key_up;81;Q;16;False;1488718908883
key_down;81;Q;16;False;1488718908947
key_up;81;Q;16;False;1488718909027
key_down;81;Q;16;False;1488718909075
key_up;81;Q;16;False;1488718909123
key_down;81;Q;16;False;1488718909187
key_up;81;Q;16;False;1488718909235
key_down;81;Q;16;False;1488718909299
key_up;81;Q;16;False;1488718909363
key_down;81;Q;16;False;1488718909411
key_up;81;Q;16;False;1488718909491
key_down;81;Q;16;False;1488718909539
key_up;81;Q;16;False;1488718909635
key_down;81;Q;16;False;1488718909667
key_up;81;Q;16;False;1488718909763
key_down;81;Q;16;False;1488718909811
key_up;81;Q;16;False;1488718909875
key_down;81;Q;16;False;1488718909939
key_up;81;Q;16;False;1488718910035
key_down;81;Q;16;False;1488718910083
key_up;81;Q;16;False;1488718910195
key_down;81;Q;16;False;1488718910387
key_up;81;Q;16;False;1488718910435
key_down;81;Q;16;False;1488718910643
key_up;81;Q;16;False;1488718910787
key_down;65;A;30;False;1488718910995
key_up;65;A;30;False;1488718911075
key_down;65;A;30;False;1488718911139
key_up;65;A;30;False;1488718911203
key_down;65;A;30;False;1488718911267
key_up;65;A;30;False;1488718911363
key_down;87;W;17;False;1488719108467
key_up;87;W;17;False;1488719108547
key_down;87;W;17;False;1488719108643
key_up;87;W;17;False;1488719108659
key_down;81;Q;16;False;1488719108771
key_up;81;Q;16;False;1488719108867
key_down;81;Q;16;False;1488719108931
key_up;81;Q;16;False;1488719109011
key_down;81;Q;16;False;1488719109043
key_up;81;Q;16;False;1488719109139
key_down;81;Q;16;False;1488719109203
key_up;81;Q;16;False;1488719109283
key_down;81;Q;16;False;1488719109332
key_up;81;Q;16;False;1488719109411
key_down;81;Q;16;False;1488719109475
key_up;81;Q;16;False;1488719109539
key_down;81;Q;16;False;1488719109587
key_up;81;Q;16;False;1488719109667
key_down;81;Q;16;False;1488719109715
key_up;81;Q;16;False;1488719109795
key_down;81;Q;16;False;1488719109859
key_up;81;Q;16;False;1488719109923
key_down;81;Q;16;False;1488719109971
key_up;81;Q;16;False;1488719110067
key_down;81;Q;16;False;1488719110131
key_up;81;Q;16;False;1488719110355
key_down;81;Q;16;False;1488719110403
key_up;81;Q;16;False;1488719110499
key_down;81;Q;16;False;1488719110579
key_up;81;Q;16;False;1488719110659
key_down;81;Q;16;False;1488719110739
key_up;81;Q;16;False;1488719110836
key_down;81;Q;16;False;1488719110883
key_up;81;Q;16;False;1488719110947
key_down;81;Q;16;False;1488719111011
key_up;81;Q;16;False;1488719111091
key_down;81;Q;16;False;1488719111140
key_up;81;Q;16;False;1488719111187
key_down;81;Q;16;False;1488719111235
key_up;81;Q;16;False;1488719111299
key_down;81;Q;16;False;1488719111363
key_up;81;Q;16;False;1488719111411
key_down;81;Q;16;False;1488719111475
key_up;81;Q;16;False;1488719111555
key_down;81;Q;16;False;1488719111636
key_up;81;Q;16;False;1488719111715
key_down;81;Q;16;False;1488719111795
key_up;81;Q;16;False;1488719111891
key_down;81;Q;16;False;1488719111955
key_up;81;Q;16;False;1488719112035
key_down;81;Q;16;False;1488719112099
key_up;81;Q;16;False;1488719112163
key_down;81;Q;16;False;1488719112243
key_up;81;Q;16;False;1488719112323
key_down;81;Q;16;False;1488719112403
key_up;81;Q;16;False;1488719112483
key_down;81;Q;16;False;1488719112563
key_up;81;Q;16;False;1488719112643
key_down;81;Q;16;False;1488719112723
key_up;81;Q;16;False;1488719112803
key_down;81;Q;16;False;1488719112883
key_up;81;Q;16;False;1488719112963
key_down;81;Q;16;False;1488719113043
key_up;81;Q;16;False;1488719113139
key_down;81;Q;16;False;1488719113219
key_up;81;Q;16;False;1488719113299
key_down;81;Q;16;False;1488719113395
key_up;81;Q;16;False;1488719113475
key_down;81;Q;16;False;1488719113555
key_up;81;Q;16;False;1488719113651
key_down;81;Q;16;False;1488719113715
key_up;81;Q;16;False;1488719113811
key_down;81;Q;16;False;1488719113876
key_up;81;Q;16;False;1488719113971
key_down;81;Q;16;False;1488719114051
key_up;81;Q;16;False;1488719114147
key_down;81;Q;16;False;1488719114211
key_up;81;Q;16;False;1488719114291
key_down;81;Q;16;False;1488719114371
key_up;81;Q;16;False;1488719114467
key_down;81;Q;16;False;1488719114531
key_up;81;Q;16;False;1488719114627
key_down;81;Q;16;False;1488719114691
key_up;81;Q;16;False;1488719114771
key_down;81;Q;16;False;1488719114835
key_up;81;Q;16;False;1488719114915
key_down;81;Q;16;False;1488719114995
key_up;81;Q;16;False;1488719115091
key_down;81;Q;16;False;1488719115139
key_up;81;Q;16;False;1488719115235
key_down;81;Q;16;False;1488719115299
key_up;81;Q;16;False;1488719115379
key_down;81;Q;16;False;1488719115427
key_up;81;Q;16;False;1488719115523
key_down;81;Q;16;False;1488719115587
key_up;81;Q;16;False;1488719115683
key_down;81;Q;16;False;1488719115731
key_up;81;Q;16;False;1488719115811
key_down;81;Q;16;False;1488719115891
key_up;81;Q;16;False;1488719115971
key_down;81;Q;16;False;1488719116019
key_up;81;Q;16;False;1488719116115
key_down;81;Q;16;False;1488719116179
key_up;81;Q;16;False;1488719116243
key_down;81;Q;16;False;1488719116323
key_up;81;Q;16;False;1488719116387
key_down;81;Q;16;False;1488719116467
key_up;81;Q;16;False;1488719116563
key_down;81;Q;16;False;1488719116611
key_up;81;Q;16;False;1488719116723
key_down;81;Q;16;False;1488719116787
key_up;81;Q;16;False;1488719116851
key_down;81;Q;16;False;1488719116915
key_up;81;Q;16;False;1488719116996
key_down;81;Q;16;False;1488719117059
key_up;81;Q;16;False;1488719117171
key_down;81;Q;16;False;1488719117219
key_up;81;Q;16;False;1488719117331
key_down;81;Q;16;False;1488719117379
key_up;81;Q;16;False;1488719117459
key_down;81;Q;16;False;1488719117507
key_up;81;Q;16;False;1488719117604
key_down;81;Q;16;False;1488719117667
key_up;81;Q;16;False;1488719117763
key_down;81;Q;16;False;1488719117811
key_up;81;Q;16;False;1488719117923
key_down;81;Q;16;False;1488719117971
key_up;81;Q;16;False;1488719118083
key_down;81;Q;16;False;1488719118147
key_up;81;Q;16;False;1488719118243
key_down;81;Q;16;False;1488719118307
key_up;81;Q;16;False;1488719118387
key_down;81;Q;16;False;1488719118451
key_up;81;Q;16;False;1488719118531
key_down;81;Q;16;False;1488719118564
key_up;81;Q;16;False;1488719118659
key_down;81;Q;16;False;1488719118691
key_up;81;Q;16;False;1488719118771
key_down;81;Q;16;False;1488719118819
key_up;81;Q;16;False;1488719118931
key_down;81;Q;16;False;1488719118979
key_up;81;Q;16;False;1488719119059
key_down;81;Q;16;False;1488719119123
key_up;81;Q;16;False;1488719119203
key_down;81;Q;16;False;1488719119267
key_up;81;Q;16;False;1488719119347
key_down;81;Q;16;False;1488719119427
key_up;81;Q;16;False;1488719119523
key_down;81;Q;16;False;1488719119603
key_up;81;Q;16;False;1488719119715
key_down;81;Q;16;False;1488719119779
key_up;81;Q;16;False;1488719119875
key_down;81;Q;16;False;1488719119939
key_up;81;Q;16;False;1488719120051
key_down;81;Q;16;False;1488719120100
key_up;81;Q;16;False;1488719120227
key_down;81;Q;16;False;1488719120259
key_up;81;Q;16;False;1488719120371
key_down;81;Q;16;False;1488719120435
key_up;81;Q;16;False;1488719120531
key_down;81;Q;16;False;1488719120595
key_up;81;Q;16;False;1488719120707
key_down;81;Q;16;False;1488719120739
key_up;81;Q;16;False;1488719120819
key_down;81;Q;16;False;1488719120883
key_up;81;Q;16;False;1488719121011
key_down;81;Q;16;False;1488719121091
key_up;81;Q;16;False;1488719121203
key_down;81;Q;16;False;1488719121267
key_up;81;Q;16;False;1488719121347
key_down;81;Q;16;False;1488719121427
key_up;81;Q;16;False;1488719121523
key_down;81;Q;16;False;1488719121587
key_up;81;Q;16;False;1488719121683
key_down;81;Q;16;False;1488719121763
key_up;81;Q;16;False;1488719121827
key_down;81;Q;16;False;1488719121907
key_up;81;Q;16;False;1488719122003
key_down;81;Q;16;False;1488719122068
key_up;81;Q;16;False;1488719122163
key_down;81;Q;16;False;1488719122227
key_up;81;Q;16;False;1488719122468
key_down;81;Q;16;False;1488719122691
key_up;81;Q;16;False;1488719122755
key_down;81;Q;16;False;1488719122804
key_up;81;Q;16;False;1488719122867
key_down;81;Q;16;False;1488719122931
key_up;81;Q;16;False;1488719122995
key_down;81;Q;16;False;1488719123059
key_up;81;Q;16;False;1488719123139
key_down;81;Q;16;False;1488719123187
key_up;81;Q;16;False;1488719123267
key_down;81;Q;16;False;1488719123331
key_up;81;Q;16;False;1488719123411
key_down;81;Q;16;False;1488719123459
key_up;81;Q;16;False;1488719123539
key_down;81;Q;16;False;1488719123604
key_up;81;Q;16;False;1488719123683
key_down;81;Q;16;False;1488719123747
key_up;81;Q;16;False;1488719123827
key_down;81;Q;16;False;1488719123875
key_up;81;Q;16;False;1488719123955
key_down;81;Q;16;False;1488719124035
key_up;81;Q;16;False;1488719124115
key_down;81;Q;16;False;1488719124179
key_up;81;Q;16;False;1488719124259
key_down;81;Q;16;False;1488719124323
key_up;81;Q;16;False;1488719124403
key_down;81;Q;16;False;1488719124468
key_up;81;Q;16;False;1488719124563
key_down;81;Q;16;False;1488719124611
key_up;81;Q;16;False;1488719124707
key_down;81;Q;16;False;1488719124771
key_up;81;Q;16;False;1488719124851
key_down;81;Q;16;False;1488719124915
key_up;81;Q;16;False;1488719125011
key_down;81;Q;16;False;1488719125059
key_up;81;Q;16;False;1488719125155
key_down;81;Q;16;False;1488719125219
key_up;81;Q;16;False;1488719125315
key_down;81;Q;16;False;1488719125363
key_up;81;Q;16;False;1488719125459
key_down;81;Q;16;False;1488719125507
key_up;81;Q;16;False;1488719125604
key_down;81;Q;16;False;1488719125651
key_up;81;Q;16;False;1488719125747
key_down;81;Q;16;False;1488719125796
key_up;81;Q;16;False;1488719125891
key_down;81;Q;16;False;1488719125939
key_up;81;Q;16;False;1488719126035
key_down;81;Q;16;False;1488719126099
key_up;81;Q;16;False;1488719126195
key_down;81;Q;16;False;1488719126243
key_up;81;Q;16;False;1488719126339
key_down;81;Q;16;False;1488719126403
key_up;81;Q;16;False;1488719126499
key_down;81;Q;16;False;1488719126563
key_up;81;Q;16;False;1488719126643
key_down;81;Q;16;False;1488719126707
key_up;81;Q;16;False;1488719126803
key_down;81;Q;16;False;1488719126851
key_up;81;Q;16;False;1488719126947
key_down;81;Q;16;False;1488719127011
key_up;81;Q;16;False;1488719127107
key_down;81;Q;16;False;1488719127171
key_up;81;Q;16;False;1488719127267
key_down;81;Q;16;False;1488719127315
key_up;81;Q;16;False;1488719127411
key_down;81;Q;16;False;1488719127459
key_up;81;Q;16;False;1488719127555
key_down;81;Q;16;False;1488719127619
key_up;81;Q;16;False;1488719127699
key_down;81;Q;16;False;1488719127763
key_up;81;Q;16;False;1488719127843
key_down;81;Q;16;False;1488719127907
key_up;81;Q;16;False;1488719127987
key_down;81;Q;16;False;1488719128067
key_up;81;Q;16;False;1488719128147
key_down;81;Q;16;False;1488719128211
key_up;81;Q;16;False;1488719128291
key_down;81;Q;16;False;1488719128355
key_up;81;Q;16;False;1488719128435
key_down;81;Q;16;False;1488719128500
key_up;81;Q;16;False;1488719128579
key_down;81;Q;16;False;1488719128643
key_up;81;Q;16;False;1488719128723
key_down;81;Q;16;False;1488719128787
key_up;81;Q;16;False;1488719128883
key_down;81;Q;16;False;1488719128931
key_up;81;Q;16;False;1488719129027
key_down;81;Q;16;False;1488719129075
key_up;81;Q;16;False;1488719129171
key_down;81;Q;16;False;1488719129236
key_up;81;Q;16;False;1488719129315
key_down;81;Q;16;False;1488719129379
key_up;81;Q;16;False;1488719129475
key_down;81;Q;16;False;1488719129539
key_up;81;Q;16;False;1488719129636
key_down;81;Q;16;False;1488719129699
key_up;81;Q;16;False;1488719129779
key_down;81;Q;16;False;1488719129828
key_up;81;Q;16;False;1488719129923
key_down;81;Q;16;False;1488719129987
key_up;81;Q;16;False;1488719130083
key_down;81;Q;16;False;1488719130147
key_up;81;Q;16;False;1488719130243
key_down;81;Q;16;False;1488719130307
key_up;81;Q;16;False;1488719130403
key_down;81;Q;16;False;1488719130467
key_up;81;Q;16;False;1488719130563
key_down;81;Q;16;False;1488719130627
key_up;81;Q;16;False;1488719130723
key_down;81;Q;16;False;1488719130787
key_up;81;Q;16;False;1488719130867
key_down;81;Q;16;False;1488719130915
key_up;81;Q;16;False;1488719131011
key_down;81;Q;16;False;1488719131091
key_up;81;Q;16;False;1488719131172
key_down;81;Q;16;False;1488719131235
key_up;81;Q;16;False;1488719131331
key_down;81;Q;16;False;1488719131411
key_up;81;Q;16;False;1488719131491
key_down;81;Q;16;False;1488719131555
key_up;81;Q;16;False;1488719131651
key_down;81;Q;16;False;1488719131715
key_up;81;Q;16;False;1488719131811
key_down;81;Q;16;False;1488719131859
key_up;81;Q;16;False;1488719131955
key_down;81;Q;16;False;1488719132019
key_up;81;Q;16;False;1488719132115
key_down;81;Q;16;False;1488719132163
key_up;81;Q;16;False;1488719132259
key_down;81;Q;16;False;1488719132308
key_up;81;Q;16;False;1488719132404
key_down;81;Q;16;False;1488719132467
key_up;81;Q;16;False;1488719132564
key_down;81;Q;16;False;1488719132611
key_up;81;Q;16;False;1488719132723
key_down;81;Q;16;False;1488719132771
key_up;81;Q;16;False;1488719132883
key_down;81;Q;16;False;1488719132947
key_up;81;Q;16;False;1488719133043
key_down;81;Q;16;False;1488719133091
key_up;81;Q;16;False;1488719133203
key_down;81;Q;16;False;1488719133251
key_up;81;Q;16;False;1488719133363
key_down;81;Q;16;False;1488719133427
key_up;81;Q;16;False;1488719133539
key_down;81;Q;16;False;1488719133587
key_up;81;Q;16;False;1488719133699
key_down;81;Q;16;False;1488719133747
key_up;81;Q;16;False;1488719133859
key_down;81;Q;16;False;1488719133907
key_up;81;Q;16;False;1488719134019
key_down;81;Q;16;False;1488719134068
key_up;81;Q;16;False;1488719134179
key_down;81;Q;16;False;1488719134227
key_up;81;Q;16;False;1488719134595
key_down;87;W;17;False;1488719537556
key_down;87;W;17;False;1488719538056
key_down;87;W;17;False;1488719538089
key_down;87;W;17;False;1488719538122
key_down;87;W;17;False;1488719538155
key_down;87;W;17;False;1488719538188
key_down;87;W;17;False;1488719538221
key_down;87;W;17;False;1488719538254
key_down;87;W;17;False;1488719538287
key_down;68;D;32;False;1488719538308
key_down;68;D;32;False;1488719538809
key_down;68;D;32;False;1488719538841
key_down;68;D;32;False;1488719538874
key_down;68;D;32;False;1488719538907
key_down;68;D;32;False;1488719538940
key_down;68;D;32;False;1488719538973
key_down;68;D;32;False;1488719539006
key_down;68;D;32;False;1488719539039
key_down;68;D;32;False;1488719539072
key_down;68;D;32;False;1488719539105
key_up;87;W;17;False;1488719539123
key_down;68;D;32;False;1488719539624
key_down;68;D;32;False;1488719539657
key_down;68;D;32;False;1488719539690
key_down;68;D;32;False;1488719539723
key_down;68;D;32;False;1488719539756
key_down;68;D;32;False;1488719539789
key_down;68;D;32;False;1488719539822
key_down;68;D;32;False;1488719539855
key_down;87;W;17;False;1488719539876
key_up;87;W;17;False;1488719539908
key_down;87;W;17;False;1488719539971
key_down;87;W;17;False;1488719540472
key_down;87;W;17;False;1488719540505
key_down;87;W;17;False;1488719540537
key_down;87;W;17;False;1488719540570
key_down;87;W;17;False;1488719540603
key_down;87;W;17;False;1488719540637
key_down;87;W;17;False;1488719540669
key_down;87;W;17;False;1488719540703
key_down;87;W;17;False;1488719540735
key_down;87;W;17;False;1488719540769
key_down;87;W;17;False;1488719540801
key_down;87;W;17;False;1488719540834
key_down;87;W;17;False;1488719540867
key_down;87;W;17;False;1488719540901
key_down;87;W;17;False;1488719540934
key_down;87;W;17;False;1488719540966
key_down;87;W;17;False;1488719541000
key_down;87;W;17;False;1488719541032
key_up;87;W;17;False;1488719541060
key_down;83;S;31;False;1488719542868
key_up;83;S;31;False;1488719543332
key_up;68;D;32;False;1488719544868
key_down;68;D;32;False;1488719556212
key_down;68;D;32;False;1488719556711
key_down;68;D;32;False;1488719556744
key_down;68;D;32;False;1488719556777
key_down;68;D;32;False;1488719556811
key_down;68;D;32;False;1488719556844
key_down;68;D;32;False;1488719556876
key_down;68;D;32;False;1488719556910
key_down;68;D;32;False;1488719556943
key_down;68;D;32;False;1488719556976
key_down;68;D;32;False;1488719557009
key_down;83;S;31;False;1488719557021
key_down;83;S;31;False;1488719557512
key_down;83;S;31;False;1488719557545
key_down;83;S;31;False;1488719557577
key_down;83;S;31;False;1488719557611
key_down;83;S;31;False;1488719557644
key_down;83;S;31;False;1488719557676
key_down;83;S;31;False;1488719557710
key_down;83;S;31;False;1488719557743
key_down;83;S;31;False;1488719557775
key_down;83;S;31;False;1488719557809
key_up;68;D;32;False;1488719557820
key_down;65;A;30;False;1488719557892
key_up;83;S;31;False;1488719557987
key_down;65;A;30;False;1488719558488
key_down;65;A;30;False;1488719558521
key_down;65;A;30;False;1488719558554
key_down;65;A;30;False;1488719558586
key_down;65;A;30;False;1488719558620
key_down;65;A;30;False;1488719558653
key_down;65;A;30;False;1488719558686
key_down;65;A;30;False;1488719558719
key_down;65;A;30;False;1488719558752
key_down;65;A;30;False;1488719558785
key_down;65;A;30;False;1488719558818
key_down;65;A;30;False;1488719558851
key_down;65;A;30;False;1488719558884
key_down;65;A;30;False;1488719558917
key_down;65;A;30;False;1488719558950
key_down;65;A;30;False;1488719558983
key_down;65;A;30;False;1488719559016
key_down;65;A;30;False;1488719559049
key_down;65;A;30;False;1488719559082
key_down;65;A;30;False;1488719559115
key_down;65;A;30;False;1488719559148
key_down;65;A;30;False;1488719559181
key_down;65;A;30;False;1488719559214
key_down;65;A;30;False;1488719559247
key_down;65;A;30;False;1488719559280
key_down;65;A;30;False;1488719559313
key_down;65;A;30;False;1488719559346
key_down;65;A;30;False;1488719559379
key_down;65;A;30;False;1488719559412
key_down;65;A;30;False;1488719559445
key_down;65;A;30;False;1488719559478
key_down;65;A;30;False;1488719559511
key_down;65;A;30;False;1488719559544
key_down;65;A;30;False;1488719559577
key_down;65;A;30;False;1488719559610
key_down;65;A;30;False;1488719559643
key_down;65;A;30;False;1488719559676
key_down;65;A;30;False;1488719559709
key_down;65;A;30;False;1488719559742
key_down;65;A;30;False;1488719559775
key_down;65;A;30;False;1488719559808
key_down;65;A;30;False;1488719559841
key_down;65;A;30;False;1488719559874
key_down;65;A;30;False;1488719559907
key_down;65;A;30;False;1488719559940
key_down;65;A;30;False;1488719559973
key_down;65;A;30;False;1488719560006
key_down;65;A;30;False;1488719560039
key_down;65;A;30;False;1488719560072
key_down;65;A;30;False;1488719560105
key_down;65;A;30;False;1488719560138
key_down;65;A;30;False;1488719560171
key_down;65;A;30;False;1488719560204
key_down;65;A;30;False;1488719560237
key_down;65;A;30;False;1488719560270
key_down;65;A;30;False;1488719560303
key_down;65;A;30;False;1488719560336
key_down;65;A;30;False;1488719560369
key_down;65;A;30;False;1488719560402
key_down;65;A;30;False;1488719560435
key_down;65;A;30;False;1488719560468
key_down;65;A;30;False;1488719560501
key_down;65;A;30;False;1488719560534
key_down;65;A;30;False;1488719560567
key_down;65;A;30;False;1488719560600
key_down;65;A;30;False;1488719560633
key_down;65;A;30;False;1488719560666
key_down;65;A;30;False;1488719560699
key_down;65;A;30;False;1488719560732
key_down;65;A;30;False;1488719560765
key_down;65;A;30;False;1488719560798
key_down;65;A;30;False;1488719560831
key_up;65;A;30;False;1488719560843
key_down;65;A;30;False;1488719571892
key_down;65;A;30;False;1488719572392
key_down;65;A;30;False;1488719572425
key_down;65;A;30;False;1488719572458
key_down;65;A;30;False;1488719572491
key_down;65;A;30;False;1488719572524
key_down;65;A;30;False;1488719572557
key_down;65;A;30;False;1488719572590
key_down;65;A;30;False;1488719572623
key_down;65;A;30;False;1488719572656
key_up;65;A;30;False;1488719572666
key_down;68;D;32;False;1488719573715
key_down;68;D;32;False;1488719574216
key_down;68;D;32;False;1488719574248
key_down;68;D;32;False;1488719574282
key_down;68;D;32;False;1488719574315
key_down;68;D;32;False;1488719574348
key_down;68;D;32;False;1488719574381
key_down;68;D;32;False;1488719574413
key_down;68;D;32;False;1488719574447
key_down;68;D;32;False;1488719574480
key_down;68;D;32;False;1488719574513
key_down;68;D;32;False;1488719574546
key_down;68;D;32;False;1488719574579
key_down;68;D;32;False;1488719574612
key_down;68;D;32;False;1488719574645
key_down;68;D;32;False;1488719574678
key_down;68;D;32;False;1488719574711
key_down;68;D;32;False;1488719574744
key_down;68;D;32;False;1488719574776
key_down;68;D;32;False;1488719574809
key_down;68;D;32;False;1488719574843
key_down;68;D;32;False;1488719574876
key_down;68;D;32;False;1488719574909
key_down;68;D;32;False;1488719574942
key_down;68;D;32;False;1488719574974
key_down;68;D;32;False;1488719575008
key_down;68;D;32;False;1488719575040
key_down;68;D;32;False;1488719575074
key_down;68;D;32;False;1488719575107
key_down;68;D;32;False;1488719575139
key_down;68;D;32;False;1488719575173
key_down;68;D;32;False;1488719575206
key_down;68;D;32;False;1488719575239
key_down;68;D;32;False;1488719575272
key_down;68;D;32;False;1488719575305
key_down;68;D;32;False;1488719575338
key_down;68;D;32;False;1488719575370
key_down;68;D;32;False;1488719575404
key_down;68;D;32;False;1488719575437
key_down;68;D;32;False;1488719575469
key_down;68;D;32;False;1488719575503
key_down;68;D;32;False;1488719575536
key_down;68;D;32;False;1488719575569
key_down;68;D;32;False;1488719575602
key_down;68;D;32;False;1488719575635
key_down;68;D;32;False;1488719575668
key_down;68;D;32;False;1488719575701
key_down;68;D;32;False;1488719575734
key_down;68;D;32;False;1488719575767
key_down;68;D;32;False;1488719575799
key_down;87;W;17;False;1488719575828
key_up;68;D;32;False;1488719575988
key_down;87;W;17;False;1488719576496
key_up;87;W;17;False;1488719576507
key_down;87;W;17;False;1488719584275
key_down;87;W;17;False;1488719584776
key_down;87;W;17;False;1488719584809
key_down;87;W;17;False;1488719584842
key_down;87;W;17;False;1488719584875
key_down;87;W;17;False;1488719584908
key_down;87;W;17;False;1488719584941
key_down;87;W;17;False;1488719584974
key_down;87;W;17;False;1488719585007
key_down;87;W;17;False;1488719585039
key_down;87;W;17;False;1488719585073
key_down;87;W;17;False;1488719585105
key_down;87;W;17;False;1488719585139
key_down;87;W;17;False;1488719585171
key_down;68;D;32;False;1488719585183
key_up;68;D;32;False;1488719585540
key_down;65;A;30;False;1488719586675
key_down;65;A;30;False;1488719587176
key_down;65;A;30;False;1488719587209
key_down;65;A;30;False;1488719587242
key_down;65;A;30;False;1488719587275
key_down;65;A;30;False;1488719587308
key_down;65;A;30;False;1488719587341
key_down;65;A;30;False;1488719587374
key_down;65;A;30;False;1488719587407
key_down;65;A;30;False;1488719587440
key_down;65;A;30;False;1488719587472
key_down;65;A;30;False;1488719587506
key_down;65;A;30;False;1488719587538
key_down;65;A;30;False;1488719587572
key_down;65;A;30;False;1488719587605
key_down;65;A;30;False;1488719587638
key_down;65;A;30;False;1488719587671
key_down;65;A;30;False;1488719587704
key_down;65;A;30;False;1488719587737
key_down;65;A;30;False;1488719587770
key_down;65;A;30;False;1488719587803
key_down;65;A;30;False;1488719587836
key_down;65;A;30;False;1488719587869
key_down;65;A;30;False;1488719587902
key_down;65;A;30;False;1488719587935
key_down;65;A;30;False;1488719587968
key_down;65;A;30;False;1488719588001
key_down;65;A;30;False;1488719588034
key_down;65;A;30;False;1488719588067
key_down;65;A;30;False;1488719588100
key_down;65;A;30;False;1488719588133
key_down;65;A;30;False;1488719588166
key_down;65;A;30;False;1488719588199
key_down;65;A;30;False;1488719588232
key_down;65;A;30;False;1488719588265
key_down;65;A;30;False;1488719588298
key_down;65;A;30;False;1488719588331
key_down;65;A;30;False;1488719588364
key_down;65;A;30;False;1488719588397
key_down;65;A;30;False;1488719588430
key_down;65;A;30;False;1488719588463
key_down;65;A;30;False;1488719588496
key_down;65;A;30;False;1488719588529
key_down;65;A;30;False;1488719588562
key_down;65;A;30;False;1488719588595
key_down;65;A;30;False;1488719588628
key_down;65;A;30;False;1488719588661
key_down;65;A;30;False;1488719588694
key_down;65;A;30;False;1488719588727
key_down;65;A;30;False;1488719588760
key_down;65;A;30;False;1488719588793
key_down;65;A;30;False;1488719588826
key_down;65;A;30;False;1488719588859
key_down;65;A;30;False;1488719588892
key_down;65;A;30;False;1488719588925
key_down;65;A;30;False;1488719588958
key_down;65;A;30;False;1488719588991
key_down;65;A;30;False;1488719589024
key_down;65;A;30;False;1488719589057
key_down;65;A;30;False;1488719589090
key_down;65;A;30;False;1488719589123
key_down;65;A;30;False;1488719589156
key_down;65;A;30;False;1488719589189
key_down;65;A;30;False;1488719589222
key_down;65;A;30;False;1488719589255
key_down;65;A;30;False;1488719589287
key_down;65;A;30;False;1488719589321
key_down;65;A;30;False;1488719589354
key_down;65;A;30;False;1488719589387
key_down;65;A;30;False;1488719589420
key_down;65;A;30;False;1488719589452
key_down;65;A;30;False;1488719589486
key_down;65;A;30;False;1488719589519
key_down;65;A;30;False;1488719589552
key_down;65;A;30;False;1488719589585
key_down;65;A;30;False;1488719589618
key_down;65;A;30;False;1488719589651
key_down;65;A;30;False;1488719589684
key_down;65;A;30;False;1488719589717
key_down;65;A;30;False;1488719589750
key_down;65;A;30;False;1488719589782
key_down;65;A;30;False;1488719589816
key_down;65;A;30;False;1488719589849
key_down;65;A;30;False;1488719589882
key_down;65;A;30;False;1488719589915
key_down;65;A;30;False;1488719589948
key_up;87;W;17;False;1488719589972
key_down;65;A;30;False;1488719590479
key_down;65;A;30;False;1488719590504
key_down;65;A;30;False;1488719590537
key_down;65;A;30;False;1488719590570
key_down;65;A;30;False;1488719590603
key_down;65;A;30;False;1488719590637
key_down;65;A;30;False;1488719590669
key_up;65;A;30;False;1488719590688
key_down;65;A;30;False;1488719762244
key_down;65;A;30;False;1488719762744
key_down;65;A;30;False;1488719762777
key_down;65;A;30;False;1488719762810
key_down;65;A;30;False;1488719762843
key_down;83;S;31;False;1488719762855
key_down;83;S;31;False;1488719763352
key_down;83;S;31;False;1488719763384
key_down;83;S;31;False;1488719763418
key_down;83;S;31;False;1488719763451
key_down;83;S;31;False;1488719763484
key_down;83;S;31;False;1488719763517
key_down;83;S;31;False;1488719763549
key_down;83;S;31;False;1488719763583
key_down;83;S;31;False;1488719763616
key_down;83;S;31;False;1488719763649
key_down;83;S;31;False;1488719763682
key_down;83;S;31;False;1488719763715
key_down;83;S;31;False;1488719763747
key_down;83;S;31;False;1488719763780
key_down;83;S;31;False;1488719763814
key_down;83;S;31;False;1488719763847
key_down;83;S;31;False;1488719763879
key_down;83;S;31;False;1488719763912
key_down;83;S;31;False;1488719763946
key_down;83;S;31;False;1488719763979
key_down;83;S;31;False;1488719764012
key_down;83;S;31;False;1488719764045
key_down;83;S;31;False;1488719764078
key_down;83;S;31;False;1488719764111
key_up;65;A;30;False;1488719764132
key_down;83;S;31;False;1488719764632
key_down;83;S;31;False;1488719764665
key_down;83;S;31;False;1488719764698
key_down;83;S;31;False;1488719764731
key_down;83;S;31;False;1488719764764
key_down;83;S;31;False;1488719764797
key_down;83;S;31;False;1488719764831
key_down;83;S;31;False;1488719764863
key_down;83;S;31;False;1488719764896
key_down;83;S;31;False;1488719764929
key_down;83;S;31;False;1488719764962
key_down;83;S;31;False;1488719764995
key_down;83;S;31;False;1488719765028
key_down;83;S;31;False;1488719765061
key_down;83;S;31;False;1488719765094
key_down;83;S;31;False;1488719765127
key_down;83;S;31;False;1488719765160
key_down;83;S;31;False;1488719765193
key_down;83;S;31;False;1488719765226
key_down;83;S;31;False;1488719765259
key_down;83;S;31;False;1488719765292
key_down;83;S;31;False;1488719765325
key_down;83;S;31;False;1488719765359
key_down;83;S;31;False;1488719765391
key_down;83;S;31;False;1488719765424
key_down;65;A;30;False;1488719765444
key_down;65;A;30;False;1488719765944
key_down;65;A;30;False;1488719765977
key_down;65;A;30;False;1488719766010
key_down;65;A;30;False;1488719766043
key_down;65;A;30;False;1488719766076
key_down;65;A;30;False;1488719766109
key_down;65;A;30;False;1488719766142
key_down;65;A;30;False;1488719766175
key_down;65;A;30;False;1488719766208
key_down;65;A;30;False;1488719766241
key_down;65;A;30;False;1488719766274
key_down;65;A;30;False;1488719766307
key_down;65;A;30;False;1488719766340
key_down;65;A;30;False;1488719766373
key_down;65;A;30;False;1488719766406
key_down;65;A;30;False;1488719766439
key_down;65;A;30;False;1488719766472
key_down;65;A;30;False;1488719766505
key_down;65;A;30;False;1488719766538
key_down;65;A;30;False;1488719766571
key_down;65;A;30;False;1488719766604
key_down;65;A;30;False;1488719766637
key_down;65;A;30;False;1488719766670
key_down;65;A;30;False;1488719766704
key_down;65;A;30;False;1488719766736
key_down;65;A;30;False;1488719766769
key_down;65;A;30;False;1488719766802
key_down;65;A;30;False;1488719766835
key_down;65;A;30;False;1488719766869
key_down;65;A;30;False;1488719766901
key_down;65;A;30;False;1488719766934
key_down;65;A;30;False;1488719766967
key_down;65;A;30;False;1488719767000
key_down;65;A;30;False;1488719767033
key_down;65;A;30;False;1488719767066
key_down;65;A;30;False;1488719767099
key_down;65;A;30;False;1488719767132
key_up;65;A;30;False;1488719767156
key_up;83;S;31;False;1488719767252
key_down;68;D;32;False;1488719776516
key_down;68;D;32;False;1488719777016
key_down;68;D;32;False;1488719777049
key_down;68;D;32;False;1488719777082
key_down;68;D;32;False;1488719777115
key_down;68;D;32;False;1488719777148
key_down;68;D;32;False;1488719777181
key_down;68;D;32;False;1488719777214
key_down;68;D;32;False;1488719777247
key_down;68;D;32;False;1488719777280
key_down;68;D;32;False;1488719777313
key_down;68;D;32;False;1488719777345
key_down;68;D;32;False;1488719777379
key_down;83;S;31;False;1488719777390
key_down;83;S;31;False;1488719777880
key_down;83;S;31;False;1488719777913
key_down;83;S;31;False;1488719777946
key_down;83;S;31;False;1488719777979
key_down;83;S;31;False;1488719778012
key_down;83;S;31;False;1488719778045
key_down;83;S;31;False;1488719778078
key_down;83;S;31;False;1488719778111
key_down;83;S;31;False;1488719778144
key_down;83;S;31;False;1488719778177
key_down;83;S;31;False;1488719778210
key_down;83;S;31;False;1488719778243
key_down;83;S;31;False;1488719778276
key_down;83;S;31;False;1488719778309
key_down;83;S;31;False;1488719778342
key_down;83;S;31;False;1488719778375
key_down;83;S;31;False;1488719778408
key_down;83;S;31;False;1488719778441
key_down;83;S;31;False;1488719778474
key_down;83;S;31;False;1488719778507
key_down;83;S;31;False;1488719778540
key_down;83;S;31;False;1488719778573
key_down;83;S;31;False;1488719778606
key_down;83;S;31;False;1488719778639
key_down;83;S;31;False;1488719778672
key_down;83;S;31;False;1488719778706
key_down;83;S;31;False;1488719778738
key_down;83;S;31;False;1488719778771
key_down;83;S;31;False;1488719778804
key_down;83;S;31;False;1488719778837
key_down;83;S;31;False;1488719778870
key_down;83;S;31;False;1488719778903
key_down;83;S;31;False;1488719778936
key_down;83;S;31;False;1488719778969
key_down;83;S;31;False;1488719779002
key_down;83;S;31;False;1488719779035
key_down;83;S;31;False;1488719779068
key_down;83;S;31;False;1488719779101
key_down;83;S;31;False;1488719779134
key_down;83;S;31;False;1488719779167
key_down;83;S;31;False;1488719779200
key_down;83;S;31;False;1488719779233
key_down;83;S;31;False;1488719779266
key_down;83;S;31;False;1488719779299
key_down;83;S;31;False;1488719779332
key_down;83;S;31;False;1488719779366
key_down;83;S;31;False;1488719779398
key_down;83;S;31;False;1488719779431
key_down;83;S;31;False;1488719779464
key_down;83;S;31;False;1488719779497
key_down;83;S;31;False;1488719779530
key_down;83;S;31;False;1488719779563
key_down;83;S;31;False;1488719779596
key_down;83;S;31;False;1488719779629
key_down;83;S;31;False;1488719779662
key_down;83;S;31;False;1488719779695
key_down;83;S;31;False;1488719779728
key_down;83;S;31;False;1488719779761
key_down;83;S;31;False;1488719779794
key_down;83;S;31;False;1488719779828
key_down;83;S;31;False;1488719779860
key_down;83;S;31;False;1488719779893
key_down;83;S;31;False;1488719779926
key_down;83;S;31;False;1488719779959
key_down;83;S;31;False;1488719779992
key_down;83;S;31;False;1488719780025
key_down;83;S;31;False;1488719780058
key_down;83;S;31;False;1488719780091
key_down;83;S;31;False;1488719780124
key_down;83;S;31;False;1488719780157
key_down;83;S;31;False;1488719780190
key_down;83;S;31;False;1488719780223
key_down;83;S;31;False;1488719780256
key_down;83;S;31;False;1488719780289
key_down;83;S;31;False;1488719780322
key_down;83;S;31;False;1488719780355
key_down;83;S;31;False;1488719780388
key_down;83;S;31;False;1488719780421
key_down;83;S;31;False;1488719780454
key_down;83;S;31;False;1488719780487
key_down;83;S;31;False;1488719780520
key_down;83;S;31;False;1488719780553
key_down;83;S;31;False;1488719780586
key_down;83;S;31;False;1488719780619
key_down;83;S;31;False;1488719780652
key_down;83;S;31;False;1488719780686
key_down;83;S;31;False;1488719780718
key_down;83;S;31;False;1488719780751
key_down;83;S;31;False;1488719780784
key_down;83;S;31;False;1488719780817
key_down;83;S;31;False;1488719780850
key_down;83;S;31;False;1488719780883
key_down;83;S;31;False;1488719780916
key_up;68;D;32;False;1488719780948
key_down;83;S;31;False;1488719781448
key_down;83;S;31;False;1488719781481
key_down;83;S;31;False;1488719781514
key_down;83;S;31;False;1488719781547
key_down;83;S;31;False;1488719781580
key_down;83;S;31;False;1488719781613
key_down;83;S;31;False;1488719781646
key_down;83;S;31;False;1488719781679
key_down;83;S;31;False;1488719781712
key_down;68;D;32;False;1488719781723
key_down;68;D;32;False;1488719782216
key_down;68;D;32;False;1488719782249
key_down;68;D;32;False;1488719782282
key_down;68;D;32;False;1488719782315
key_down;68;D;32;False;1488719782348
key_down;68;D;32;False;1488719782381
key_up;68;D;32;False;1488719782392
key_up;83;S;31;False;1488719782820
key_down;65;A;30;False;1488719783076
key_down;87;W;17;False;1488719783380
key_down;87;W;17;False;1488719783880
key_down;87;W;17;False;1488719783913
key_down;87;W;17;False;1488719783946
key_down;87;W;17;False;1488719783979
key_down;87;W;17;False;1488719784012
key_down;87;W;17;False;1488719784045
key_down;87;W;17;False;1488719784078
key_down;87;W;17;False;1488719784111
key_down;87;W;17;False;1488719784144
key_down;87;W;17;False;1488719784177
key_down;87;W;17;False;1488719784210
key_down;87;W;17;False;1488719784243
key_down;87;W;17;False;1488719784276
key_down;87;W;17;False;1488719784309
key_down;87;W;17;False;1488719784342
key_down;87;W;17;False;1488719784375
key_down;87;W;17;False;1488719784408
key_down;87;W;17;False;1488719784441
key_down;87;W;17;False;1488719784474
key_down;87;W;17;False;1488719784507
key_down;87;W;17;False;1488719784540
key_down;87;W;17;False;1488719784573
key_down;87;W;17;False;1488719784606
key_down;87;W;17;False;1488719784639
key_down;87;W;17;False;1488719784672
key_down;87;W;17;False;1488719784705
key_down;87;W;17;False;1488719784738
key_down;87;W;17;False;1488719784771
key_down;87;W;17;False;1488719784804
key_down;87;W;17;False;1488719784837
key_down;87;W;17;False;1488719784870
key_down;87;W;17;False;1488719784903
key_down;87;W;17;False;1488719784936
key_down;87;W;17;False;1488719784969
key_down;87;W;17;False;1488719785002
key_down;87;W;17;False;1488719785035
key_down;87;W;17;False;1488719785068
key_down;87;W;17;False;1488719785101
key_down;87;W;17;False;1488719785134
key_down;87;W;17;False;1488719785167
key_down;87;W;17;False;1488719785200
key_down;87;W;17;False;1488719785233
key_down;87;W;17;False;1488719785266
key_down;87;W;17;False;1488719785299
key_down;87;W;17;False;1488719785332
key_down;87;W;17;False;1488719785365
key_down;87;W;17;False;1488719785398
key_down;87;W;17;False;1488719785431
key_down;87;W;17;False;1488719785464
key_down;87;W;17;False;1488719785497
key_down;87;W;17;False;1488719785530
key_down;87;W;17;False;1488719785563
key_down;87;W;17;False;1488719785596
key_down;87;W;17;False;1488719785629
key_down;87;W;17;False;1488719785662
key_down;87;W;17;False;1488719785695
key_down;87;W;17;False;1488719785729
key_down;87;W;17;False;1488719785761
key_up;65;A;30;False;1488719785780
key_up;87;W;17;False;1488719786116
key_down;65;A;30;False;1488719786900
key_down;65;A;30;False;1488719787400
key_down;65;A;30;False;1488719787432
key_down;65;A;30;False;1488719787466
key_down;65;A;30;False;1488719787499
key_down;65;A;30;False;1488719787531
key_down;65;A;30;False;1488719787565
key_down;65;A;30;False;1488719787598
key_down;65;A;30;False;1488719787631
key_down;65;A;30;False;1488719787664
key_down;65;A;30;False;1488719787697
key_down;65;A;30;False;1488719787730
key_down;65;A;30;False;1488719787763
key_down;65;A;30;False;1488719787796
key_down;65;A;30;False;1488719787829
key_down;65;A;30;False;1488719787861
key_down;65;A;30;False;1488719787895
key_down;65;A;30;False;1488719787928
key_down;65;A;30;False;1488719787961
key_down;65;A;30;False;1488719787993
key_down;65;A;30;False;1488719788026
key_down;65;A;30;False;1488719788060
key_down;65;A;30;False;1488719788092
key_down;65;A;30;False;1488719788126
key_down;65;A;30;False;1488719788159
key_down;65;A;30;False;1488719788191
key_down;65;A;30;False;1488719788225
key_down;65;A;30;False;1488719788257
key_down;65;A;30;False;1488719788291
key_down;65;A;30;False;1488719788324
key_down;65;A;30;False;1488719788356
key_down;65;A;30;False;1488719788389
key_down;65;A;30;False;1488719788422
key_down;65;A;30;False;1488719788456
key_down;65;A;30;False;1488719788489
key_down;65;A;30;False;1488719788522
key_down;65;A;30;False;1488719788555
key_down;65;A;30;False;1488719788588
key_down;65;A;30;False;1488719788620
key_down;65;A;30;False;1488719788653
key_down;65;A;30;False;1488719788686
key_down;65;A;30;False;1488719788720
key_down;65;A;30;False;1488719788753
key_down;65;A;30;False;1488719788785
key_down;65;A;30;False;1488719788818
key_down;65;A;30;False;1488719788852
key_down;65;A;30;False;1488719788884
key_down;65;A;30;False;1488719788917
key_down;65;A;30;False;1488719788950
key_down;65;A;30;False;1488719788983
key_down;65;A;30;False;1488719789016
key_down;65;A;30;False;1488719789050
key_down;65;A;30;False;1488719789082
key_up;65;A;30;False;1488719789095
key_down;68;D;32;False;1488719802116
key_down;83;S;31;False;1488719802468
key_down;83;S;31;False;1488719802969
key_down;83;S;31;False;1488719803001
key_down;83;S;31;False;1488719803034
key_down;83;S;31;False;1488719803067
key_up;83;S;31;False;1488719803092
key_down;83;S;31;False;1488719804259
key_down;83;S;31;False;1488719804760
key_down;83;S;31;False;1488719804793
key_down;83;S;31;False;1488719804826
key_down;83;S;31;False;1488719804859
key_down;83;S;31;False;1488719804892
key_down;83;S;31;False;1488719804925
key_down;83;S;31;False;1488719804958
key_down;83;S;31;False;1488719804991
key_down;83;S;31;False;1488719805024
key_down;83;S;31;False;1488719805057
key_down;83;S;31;False;1488719805090
key_down;83;S;31;False;1488719805123
key_down;83;S;31;False;1488719805156
key_up;83;S;31;False;1488719805171
key_down;83;S;31;False;1488719805972
key_down;83;S;31;False;1488719806473
key_down;83;S;31;False;1488719806505
key_down;83;S;31;False;1488719806538
key_down;83;S;31;False;1488719806571
key_down;83;S;31;False;1488719806604
key_down;83;S;31;False;1488719806637
key_down;83;S;31;False;1488719806671
key_down;83;S;31;False;1488719806703
key_down;83;S;31;False;1488719806736
key_down;83;S;31;False;1488719806769
key_down;83;S;31;False;1488719806802
key_down;83;S;31;False;1488719806835
key_up;83;S;31;False;1488719806848
key_up;68;D;32;False;1488719807204
key_down;68;D;32;False;1488719820948
key_down;68;D;32;False;1488719821448
key_down;68;D;32;False;1488719821481
key_down;68;D;32;False;1488719821514
key_down;68;D;32;False;1488719821547
key_down;68;D;32;False;1488719821580
key_down;68;D;32;False;1488719821613
key_down;68;D;32;False;1488719821646
key_down;68;D;32;False;1488719821679
key_down;68;D;32;False;1488719821712
key_down;68;D;32;False;1488719821745
key_down;68;D;32;False;1488719821778
key_down;68;D;32;False;1488719821811
key_down;68;D;32;False;1488719821844
key_down;68;D;32;False;1488719821878
key_down;68;D;32;False;1488719821910
key_down;68;D;32;False;1488719821943
key_down;68;D;32;False;1488719821976
key_down;68;D;32;False;1488719822009
key_down;68;D;32;False;1488719822043
key_down;68;D;32;False;1488719822075
key_down;68;D;32;False;1488719822108
key_down;68;D;32;False;1488719822141
key_down;68;D;32;False;1488719822174
key_down;68;D;32;False;1488719822207
key_down;68;D;32;False;1488719822240
key_down;68;D;32;False;1488719822273
key_down;68;D;32;False;1488719822306
key_down;68;D;32;False;1488719822340
key_down;68;D;32;False;1488719822372
key_down;87;W;17;False;1488719822404
key_up;68;D;32;False;1488719822516
key_down;87;W;17;False;1488719823016
key_down;87;W;17;False;1488719823049
key_down;68;D;32;False;1488719823075
key_up;68;D;32;False;1488719823492
key_up;87;W;17;False;1488719823860
key_down;87;W;17;False;1488719881380
key_up;87;W;17;False;1488719881475
key_down;68;D;32;False;1488719923284
key_down;68;D;32;False;1488719923784
key_down;68;D;32;False;1488719923817
key_down;68;D;32;False;1488719923850
key_down;68;D;32;False;1488719923883
key_down;83;S;31;False;1488719923900
key_up;68;D;32;False;1488719924228
key_down;65;A;30;False;1488719924372
key_up;83;S;31;False;1488719924420
key_down;87;W;17;False;1488719924724
key_up;65;A;30;False;1488719924820
key_down;87;W;17;False;1488719925320
key_down;87;W;17;False;1488719925353
key_down;87;W;17;False;1488719925386
key_down;87;W;17;False;1488719925419
key_down;87;W;17;False;1488719925452
key_down;87;W;17;False;1488719925485
key_down;87;W;17;False;1488719925518
key_down;87;W;17;False;1488719925551
key_down;87;W;17;False;1488719925584
key_up;87;W;17;False;1488719925603
key_down;87;W;17;False;1488719945380
key_down;87;W;17;False;1488719945880
key_down;87;W;17;False;1488719945913
key_down;87;W;17;False;1488719945946
key_down;87;W;17;False;1488719945979
key_down;87;W;17;False;1488719946012
key_down;87;W;17;False;1488719946045
key_down;87;W;17;False;1488719946078
key_down;87;W;17;False;1488719946111
key_down;87;W;17;False;1488719946144
key_down;87;W;17;False;1488719946177
key_down;87;W;17;False;1488719946210
key_down;87;W;17;False;1488719946243
key_down;87;W;17;False;1488719946276
key_down;87;W;17;False;1488719946309
key_down;87;W;17;False;1488719946342
key_down;87;W;17;False;1488719946375
key_down;87;W;17;False;1488719946408
key_down;87;W;17;False;1488719946441
key_down;87;W;17;False;1488719946474
key_down;87;W;17;False;1488719946507
key_down;87;W;17;False;1488719946540
key_down;87;W;17;False;1488719946573
key_down;87;W;17;False;1488719946606
key_down;87;W;17;False;1488719946639
key_down;87;W;17;False;1488719946672
key_down;87;W;17;False;1488719946705
key_down;87;W;17;False;1488719946738
key_down;87;W;17;False;1488719946771
key_down;87;W;17;False;1488719946804
key_down;87;W;17;False;1488719946837
key_down;87;W;17;False;1488719946870
key_down;87;W;17;False;1488719946903
key_down;87;W;17;False;1488719946936
key_down;87;W;17;False;1488719946969
key_down;87;W;17;False;1488719947002
key_down;87;W;17;False;1488719947035
key_down;87;W;17;False;1488719947068
key_down;87;W;17;False;1488719947101
key_down;87;W;17;False;1488719947134
key_down;87;W;17;False;1488719947167
key_down;87;W;17;False;1488719947200
key_down;87;W;17;False;1488719947233
key_down;87;W;17;False;1488719947266
key_down;87;W;17;False;1488719947299
key_down;87;W;17;False;1488719947332
key_down;87;W;17;False;1488719947365
key_down;87;W;17;False;1488719947398
key_down;87;W;17;False;1488719947431
key_down;87;W;17;False;1488719947464
key_down;87;W;17;False;1488719947497
key_down;87;W;17;False;1488719947530
key_down;87;W;17;False;1488719947563
key_down;87;W;17;False;1488719947596
key_down;87;W;17;False;1488719947629
key_down;87;W;17;False;1488719947662
key_down;87;W;17;False;1488719947695
key_down;87;W;17;False;1488719947728
key_down;87;W;17;False;1488719947761
key_down;87;W;17;False;1488719947794
key_down;87;W;17;False;1488719947827
key_down;87;W;17;False;1488719947860
key_down;87;W;17;False;1488719947893
key_down;87;W;17;False;1488719947926
key_down;87;W;17;False;1488719947959
key_down;87;W;17;False;1488719947992
key_down;87;W;17;False;1488719948025
key_down;87;W;17;False;1488719948058
key_down;87;W;17;False;1488719948091
key_down;87;W;17;False;1488719948124
key_down;87;W;17;False;1488719948157
key_down;87;W;17;False;1488719948190
key_down;87;W;17;False;1488719948223
key_down;87;W;17;False;1488719948256
key_down;87;W;17;False;1488719948289
key_down;87;W;17;False;1488719948322
key_down;87;W;17;False;1488719948355
key_down;87;W;17;False;1488719948388
key_down;87;W;17;False;1488719948421
key_down;87;W;17;False;1488719948454
key_down;87;W;17;False;1488719948487
key_down;87;W;17;False;1488719948520
key_down;87;W;17;False;1488719948553
key_down;87;W;17;False;1488719948586
key_down;87;W;17;False;1488719948619
key_down;87;W;17;False;1488719948652
key_down;87;W;17;False;1488719948685
key_down;87;W;17;False;1488719948718
key_down;87;W;17;False;1488719948751
key_down;87;W;17;False;1488719948784
key_down;87;W;17;False;1488719948817
key_down;87;W;17;False;1488719948850
key_down;87;W;17;False;1488719948883
key_down;87;W;17;False;1488719948916
key_down;87;W;17;False;1488719948949
key_down;87;W;17;False;1488719948982
key_down;87;W;17;False;1488719949015
key_up;87;W;17;False;1488719949044
key_down;83;S;31;False;1488719964367
key_down;83;S;31;False;1488719964856
key_down;83;S;31;False;1488719964889
key_down;83;S;31;False;1488719964922
key_down;83;S;31;False;1488719964955
key_down;83;S;31;False;1488719964988
key_down;83;S;31;False;1488719965020
key_down;83;S;31;False;1488719965054
key_down;83;S;31;False;1488719965087
key_down;83;S;31;False;1488719965120
key_down;83;S;31;False;1488719965153
key_down;83;S;31;False;1488719965186
key_down;83;S;31;False;1488719965219
key_down;83;S;31;False;1488719965252
key_down;83;S;31;False;1488719965285
key_down;83;S;31;False;1488719965318
key_down;83;S;31;False;1488719965351
key_down;83;S;31;False;1488719965384
key_up;83;S;31;False;1488719965412
key_down;65;A;30;False;1488719972868
key_down;65;A;30;False;1488719973368
key_down;87;W;17;False;1488719973382
key_down;87;W;17;False;1488719973880
key_down;87;W;17;False;1488719973913
key_down;87;W;17;False;1488719973946
key_down;87;W;17;False;1488719973980
key_down;87;W;17;False;1488719974012
key_down;87;W;17;False;1488719974045
key_down;87;W;17;False;1488719974078
key_down;87;W;17;False;1488719974111
key_down;87;W;17;False;1488719974144
key_down;87;W;17;False;1488719974178
key_down;87;W;17;False;1488719974210
key_down;87;W;17;False;1488719974243
key_up;87;W;17;False;1488719974257
key_up;65;A;30;False;1488719975652
key_down;68;D;32;False;1488719975664
key_down;83;S;31;False;1488719976100
key_down;83;S;31;False;1488719976600
key_down;83;S;31;False;1488719976634
key_down;83;S;31;False;1488719976666
key_down;83;S;31;False;1488719976699
key_down;83;S;31;False;1488719976732
key_up;83;S;31;False;1488719976743
key_down;87;W;17;False;1488719977012
key_down;87;W;17;False;1488719977512
key_down;87;W;17;False;1488719977545
key_down;87;W;17;False;1488719977578
key_down;87;W;17;False;1488719977611
key_down;87;W;17;False;1488719977644
key_down;87;W;17;False;1488719977677
key_down;87;W;17;False;1488719977710
key_down;87;W;17;False;1488719977743
key_down;87;W;17;False;1488719977775
key_down;87;W;17;False;1488719977809
key_up;87;W;17;False;1488719977821
key_down;83;S;31;False;1488719978388
key_up;68;D;32;False;1488719978787
key_down;83;S;31;False;1488719979288
key_down;83;S;31;False;1488719979321
key_down;83;S;31;False;1488719979354
key_down;68;D;32;False;1488719979365
key_down;68;D;32;False;1488719979864
key_down;68;D;32;False;1488719979897
key_down;68;D;32;False;1488719979930
key_down;68;D;32;False;1488719979963
key_down;68;D;32;False;1488719979996
key_down;68;D;32;False;1488719980029
key_down;68;D;32;False;1488719980062
key_down;68;D;32;False;1488719980095
key_down;68;D;32;False;1488719980128
key_down;68;D;32;False;1488719980161
key_down;68;D;32;False;1488719980195
key_down;68;D;32;False;1488719980227
key_down;68;D;32;False;1488719980260
key_down;68;D;32;False;1488719980293
key_down;68;D;32;False;1488719980326
key_down;68;D;32;False;1488719980359
key_down;68;D;32;False;1488719980392
key_down;68;D;32;False;1488719980425
key_down;68;D;32;False;1488719980458
key_down;68;D;32;False;1488719980491
key_down;68;D;32;False;1488719980524
key_down;68;D;32;False;1488719980557
key_down;68;D;32;False;1488719980590
key_down;68;D;32;False;1488719980623
key_down;68;D;32;False;1488719980656
key_down;68;D;32;False;1488719980689
key_down;68;D;32;False;1488719980722
key_down;68;D;32;False;1488719980755
key_down;68;D;32;False;1488719980788
key_down;68;D;32;False;1488719980821
key_down;68;D;32;False;1488719980854
key_down;68;D;32;False;1488719980887
key_down;68;D;32;False;1488719980920
key_down;68;D;32;False;1488719980953
key_down;68;D;32;False;1488719980986
key_down;68;D;32;False;1488719981019
key_down;68;D;32;False;1488719981052
key_down;68;D;32;False;1488719981085
key_down;68;D;32;False;1488719981118
key_down;68;D;32;False;1488719981151
key_down;68;D;32;False;1488719981184
key_down;68;D;32;False;1488719981217
key_down;68;D;32;False;1488719981250
key_down;68;D;32;False;1488719981283
key_down;68;D;32;False;1488719981317
key_up;68;D;32;False;1488719981348
key_up;83;S;31;False;1488719982099
key_down;83;S;31;False;1488720320724
key_down;65;A;30;False;1488720321012
key_down;65;A;30;False;1488720321512
key_down;65;A;30;False;1488720321545
key_up;83;S;31;False;1488720321556
key_down;65;A;30;False;1488720322056
key_down;65;A;30;False;1488720322089
key_down;65;A;30;False;1488720322122
key_down;65;A;30;False;1488720322155
key_down;65;A;30;False;1488720322188
key_down;65;A;30;False;1488720322221
key_down;65;A;30;False;1488720322254
key_down;65;A;30;False;1488720322287
key_down;65;A;30;False;1488720322320
key_down;65;A;30;False;1488720322353
key_down;65;A;30;False;1488720322386
key_down;65;A;30;False;1488720322419
key_down;65;A;30;False;1488720322452
key_down;65;A;30;False;1488720322485
key_down;65;A;30;False;1488720322518
key_down;65;A;30;False;1488720322551
key_down;65;A;30;False;1488720322584
key_down;65;A;30;False;1488720322617
key_down;65;A;30;False;1488720322650
key_down;65;A;30;False;1488720322683
key_down;65;A;30;False;1488720322716
key_down;65;A;30;False;1488720322749
key_down;65;A;30;False;1488720322782
key_down;65;A;30;False;1488720322815
key_down;65;A;30;False;1488720322848
key_down;65;A;30;False;1488720322881
key_down;65;A;30;False;1488720322914
key_down;65;A;30;False;1488720322947
key_down;65;A;30;False;1488720322980
key_down;65;A;30;False;1488720323013
key_down;65;A;30;False;1488720323046
key_down;65;A;30;False;1488720323079
key_down;65;A;30;False;1488720323112
key_down;65;A;30;False;1488720323145
key_down;65;A;30;False;1488720323178
key_down;65;A;30;False;1488720323211
key_down;65;A;30;False;1488720323244
key_down;65;A;30;False;1488720323277
key_down;65;A;30;False;1488720323310
key_down;65;A;30;False;1488720323343
key_down;65;A;30;False;1488720323376
key_down;65;A;30;False;1488720323409
key_down;65;A;30;False;1488720323442
key_down;65;A;30;False;1488720323475
key_down;65;A;30;False;1488720323508
key_down;65;A;30;False;1488720323541
key_down;65;A;30;False;1488720323574
key_down;65;A;30;False;1488720323607
key_down;65;A;30;False;1488720323640
key_down;65;A;30;False;1488720323673
key_down;65;A;30;False;1488720323706
key_down;65;A;30;False;1488720323739
key_down;65;A;30;False;1488720323772
key_down;65;A;30;False;1488720323806
key_down;65;A;30;False;1488720323838
key_down;65;A;30;False;1488720323871
key_down;65;A;30;False;1488720323904
key_down;65;A;30;False;1488720323937
key_down;65;A;30;False;1488720323970
key_down;65;A;30;False;1488720324003
key_down;65;A;30;False;1488720324036
key_down;65;A;30;False;1488720324069
key_down;65;A;30;False;1488720324102
key_down;65;A;30;False;1488720324135
key_down;65;A;30;False;1488720324168
key_down;65;A;30;False;1488720324201
key_down;65;A;30;False;1488720324234
key_down;65;A;30;False;1488720324267
key_down;65;A;30;False;1488720324300
key_down;65;A;30;False;1488720324333
key_down;65;A;30;False;1488720324367
key_down;65;A;30;False;1488720324399
key_down;65;A;30;False;1488720324432
key_down;65;A;30;False;1488720324465
key_down;65;A;30;False;1488720324498
key_down;65;A;30;False;1488720324531
key_down;65;A;30;False;1488720324564
key_down;65;A;30;False;1488720324597
key_down;65;A;30;False;1488720324630
key_down;65;A;30;False;1488720324663
key_down;65;A;30;False;1488720324696
key_down;87;W;17;False;1488720324709
key_up;65;A;30;False;1488720325060
key_down;87;W;17;False;1488720325560
key_down;87;W;17;False;1488720325593
key_down;87;W;17;False;1488720325626
key_down;87;W;17;False;1488720325659
key_down;87;W;17;False;1488720325692
key_down;87;W;17;False;1488720325725
key_down;87;W;17;False;1488720325758
key_down;87;W;17;False;1488720325791
key_down;87;W;17;False;1488720325824
key_up;87;W;17;False;1488720325834
key_down;27;Escape;1;False;1488720486948
key_up;27;Escape;1;False;1488720486996
key_down;164;Lmenu;56;True;1488720501092
key_down;91;Lwin;91;True;1488720501108
key_up;164;Lmenu;56;False;1488720501188
key_up;91;Lwin;91;False;1488720501201
key_down;91;Lwin;91;False;1488720501908
key_up;91;Lwin;91;False;1488720502020
key_down;186;Oem_1;27;False;1488720507764
key_up;186;Oem_1;27;False;1488720507828
